{
  "Combined.Best": {
    "Sequence": [
      [
        9,
        1
      ],
      [
        18,
        1
      ],
      [
        23,
        1
      ],
      [
        4,
        1
      ]
    ],
    "GlobalRounds": 6,
    "AggregateScore": 92.36188410029922
  },
  "Combined.Fast": {
    "Sequence": [
      [
        47,
        9
      ],
      [
        39,
        1
      ],
      [
        16,
        1
      ]
    ],
    "GlobalRounds": 7,
    "AggregateScore": 90.46350948475093
  },
  "Default.Best": {
    "Sequence": [
      [
        28,
        1
      ],
      [
        41,
        2
      ],
      [
        45,
        1
      ],
      [
        43,
        2
      ],
      [
        28,
        1
      ]
    ],
    "GlobalRounds": 5,
    "AggregateScore": 71.83879277154925
  },
  "Default.Fast": {
    "Sequence": [
      [
        28,
        1
      ],
      [
        41,
        1
      ],
      [
        45,
        1
      ],
      [
        43,
        1
      ],
      [
        28,
        1
      ]
    ],
    "GlobalRounds": 5,
    "AggregateScore": 83.35111435237079
  },
  "Natural.Best": {
    "Sequence": [
      [
        31,
        1
      ],
      [
        29,
        1
      ],
      [
        29,
        1
      ],
      [
        40,
        8
      ]
    ],
    "GlobalRounds": 5,
    "AggregateScore": 82.52910920672139
  },
  "Natural.Fast": {
    "Sequence": [
      [
        9,
        1
      ],
      [
        13,
        1
      ],
      [
        8,
        1
      ]
    ],
    "GlobalRounds": 3,
    "AggregateScore": 92.35789975067401
  },
  "Random.Best": {
    "Sequence": [
      [
        39,
        3
      ],
      [
        1,
        1
      ],
      [
        15,
        1
      ],
      [
        23,
        1
      ]
    ],
    "GlobalRounds": 3,
    "AggregateScore": 92.3725270319975
  },
  "Random.Fast": {
    "Sequence": [
      [
        39,
        1
      ],
      [
        1,
        1
      ],
      [
        15,
        1
      ],
      [
        23,
        1
      ]
    ],
    "GlobalRounds": 1,
    "AggregateScore": 92.3699404536311
  },
  "Sequence.Best": {
    "Sequence": [
      [
        19,
        1
      ],
      [
        40,
        1
      ],
      [
        18,
        1
      ],
      [
        30,
        1
      ]
    ],
    "GlobalRounds": 5,
    "AggregateScore": 82.86101173599708
  },
  "Sequence.Fast": {
    "Sequence": [
      [
        24,
        1
      ],
      [
        31,
        1
      ],
      [
        20,
        1
      ]
    ],
    "GlobalRounds": 5,
    "AggregateScore": 92.35462781697512
  }
}