{
  "ApplyTransforms[X] GetCoins[X]": 7.465100000000001,
  "ApplyTransforms[0] GetCoins[X]": 7.7523,
  "ApplyTransforms[0] GetCoins[0]": 7.473300000000001,
  "ApplyTransforms[X] GetCoins[0]": 7.675299999999999,
  "And the kitchen sink": 7.7338000000000005
}