{
  "Combined": {
    "Rfc2898": {
      "Metric": 70.36251534341388,
      "Practical": 89.96743546348259
    },
    "None": {
      "Metric": 76.8104470440047,
      "Practical": 87.56273489475642
    }
  }
}