{
  "Combined.Best": {
    "Sequence": [
      [
        4,
        7
      ],
      [
        4,
        8
      ],
      [
        31,
        8
      ],
      [
        15,
        1
      ]
    ],
    "GlobalRounds": 8,
    "AggregateScore": 92.37780111678597
  },
  "Combined.Fast": {
    "Sequence": [
      [
        13,
        1
      ],
      [
        24,
        1
      ],
      [
        33,
        1
      ]
    ],
    "GlobalRounds": 6,
    "AggregateScore": 92.37605156134563
  },
  "Default.Best": {
    "Sequence": [
      [
        49,
        4
      ],
      [
        41,
        3
      ],
      [
        45,
        3
      ],
      [
        43,
        2
      ],
      [
        28,
        1
      ]
    ],
    "GlobalRounds": 6,
    "AggregateScore": 89.98176037874063
  },
  "Default.Fast": {
    "Sequence": [
      [
        49,
        3
      ],
      [
        41,
        3
      ],
      [
        45,
        2
      ],
      [
        43,
        1
      ],
      [
        28,
        1
      ]
    ],
    "GlobalRounds": 6,
    "AggregateScore": 89.96160435101592
  },
  "Natural.Best": {
    "Sequence": [
      [
        22,
        1
      ],
      [
        18,
        1
      ],
      [
        6,
        1
      ],
      [
        47,
        1
      ]
    ],
    "GlobalRounds": 3,
    "AggregateScore": 92.37642270933925
  },
  "Natural.Fast": {
    "Sequence": [
      [
        1,
        1
      ],
      [
        9,
        1
      ],
      [
        6,
        1
      ]
    ],
    "GlobalRounds": 3,
    "AggregateScore": 92.37235775913767
  },
  "Random.Best": {
    "Sequence": [
      [
        41,
        1
      ],
      [
        33,
        1
      ],
      [
        2,
        1
      ],
      [
        11,
        1
      ]
    ],
    "GlobalRounds": 3,
    "AggregateScore": 92.37832086589415
  },
  "Random.Fast": {
    "Sequence": [
      [
        11,
        1
      ],
      [
        16,
        1
      ],
      [
        39,
        1
      ]
    ],
    "GlobalRounds": 3,
    "AggregateScore": 92.37645927086214
  },
  "Sequence.Best": {
    "Sequence": [
      [
        11,
        1
      ],
      [
        26,
        1
      ],
      [
        4,
        1
      ],
      [
        13,
        1
      ]
    ],
    "GlobalRounds": 5,
    "AggregateScore": 92.37689842654004
  },
  "Sequence.Fast": {
    "Sequence": [
      [
        24,
        1
      ],
      [
        1,
        1
      ],
      [
        9,
        1
      ]
    ],
    "GlobalRounds": 5,
    "AggregateScore": 92.3741272983008
  }
}