{
  "Combined.Best": {
    "Sequence": [
      [
        18,
        1
      ],
      [
        45,
        3
      ],
      [
        6,
        8
      ],
      [
        4,
        7
      ]
    ],
    "GlobalRounds": 7,
    "AggregateScore": 92.37515654266025
  },
  "Default.Best": {
    "Sequence": [
      [
        49,
        4
      ],
      [
        41,
        3
      ],
      [
        45,
        3
      ],
      [
        43,
        2
      ],
      [
        28,
        1
      ]
    ],
    "GlobalRounds": 6,
    "AggregateScore": 85.14763283310766
  },
  "Default.Fast": {
    "Sequence": [
      [
        49,
        3
      ],
      [
        41,
        3
      ],
      [
        45,
        2
      ],
      [
        43,
        1
      ],
      [
        28,
        1
      ]
    ],
    "GlobalRounds": 6,
    "AggregateScore": 82.75964762981043
  },
  "Natural.Best": {
    "Sequence": [
      [
        22,
        2
      ],
      [
        20,
        3
      ],
      [
        9,
        1
      ],
      [
        13,
        1
      ]
    ],
    "GlobalRounds": 1,
    "AggregateScore": 89.48768388028438
  },
  "Natural.Fast": {
    "Sequence": [
      [
        11,
        4
      ],
      [
        28,
        1
      ],
      [
        4,
        1
      ]
    ],
    "GlobalRounds": 1,
    "AggregateScore": 73.64507362961484
  },
  "Random.Best": {
    "Sequence": [
      [
        29,
        5
      ],
      [
        24,
        2
      ],
      [
        47,
        3
      ]
    ],
    "GlobalRounds": 8,
    "AggregateScore": 90.46375243332801
  },
  "Random.Fast": {
    "Sequence": [
      [
        13,
        2
      ],
      [
        47,
        1
      ],
      [
        18,
        1
      ],
      [
        13,
        1
      ]
    ],
    "GlobalRounds": 1,
    "AggregateScore": 89.97139632924124
  },
  "Sequence.Best": {
    "Sequence": [
      [
        1,
        7
      ],
      [
        47,
        4
      ],
      [
        18,
        2
      ],
      [
        45,
        1
      ]
    ],
    "GlobalRounds": 9,
    "AggregateScore": 92.35971628175534
  },
  "Sequence.Fast": {
    "Sequence": [
      [
        1,
        4
      ],
      [
        47,
        2
      ],
      [
        18,
        1
      ],
      [
        45,
        1
      ]
    ],
    "GlobalRounds": 1,
    "AggregateScore": 86.14536827795082
  },
  "Combined.Fast": {
    "Sequence": [
      [
        15,
        5
      ],
      [
        13,
        1
      ],
      [
        8,
        1
      ]
    ],
    "GlobalRounds": 6,
    "AggregateScore": 92.37166457812893
  }
}