{
  "Combined": {
    "Sequence": [
      [
        8,
        3
      ],
      [
        10,
        1
      ],
      [
        31,
        1
      ],
      [
        9,
        1
      ],
      [
        31,
        1
      ]
    ],
    "GlobalRounds": 6,
    "AggregateScore": 73.94665978778424
  },
  "Combined.Best": {
    "Sequence": [
      [
        9,
        1
      ],
      [
        18,
        1
      ],
      [
        23,
        1
      ],
      [
        4,
        1
      ]
    ],
    "GlobalRounds": 6,
    "AggregateScore": 92.37725857052656
  },
  "Combined.Fast": {
    "Sequence": [
      [
        47,
        9
      ],
      [
        39,
        1
      ],
      [
        16,
        1
      ]
    ],
    "GlobalRounds": 7,
    "AggregateScore": 92.37521674245147
  },
  "Default.Best": {
    "Sequence": [
      [
        28,
        1
      ],
      [
        41,
        2
      ],
      [
        45,
        1
      ],
      [
        43,
        2
      ],
      [
        28,
        1
      ]
    ],
    "GlobalRounds": 5,
    "AggregateScore": 68.08494226116846
  },
  "Default.Fast": {
    "Sequence": [
      [
        28,
        1
      ],
      [
        41,
        1
      ],
      [
        45,
        1
      ],
      [
        43,
        1
      ],
      [
        28,
        1
      ]
    ],
    "GlobalRounds": 5,
    "AggregateScore": 77.69918279090922
  },
  "Natural": {
    "Sequence": [
      [
        31,
        1
      ],
      [
        30,
        1
      ],
      [
        40,
        1
      ],
      [
        34,
        1
      ],
      [
        29,
        1
      ]
    ],
    "GlobalRounds": 3,
    "AggregateScore": 72.98248517945129
  },
  "Natural.Fast": {
    "Sequence": [
      [
        9,
        1
      ],
      [
        13,
        1
      ],
      [
        8,
        1
      ]
    ],
    "GlobalRounds": 3,
    "AggregateScore": 92.37299101182825
  },
  "Random": {
    "Sequence": [
      [
        8,
        1
      ],
      [
        13,
        1
      ],
      [
        13,
        1
      ],
      [
        33,
        1
      ],
      [
        40,
        1
      ]
    ],
    "GlobalRounds": 3,
    "AggregateScore": 79.57077060130774
  },
  "Random.Fast": {
    "Sequence": [
      [
        33,
        1
      ],
      [
        35,
        1
      ],
      [
        4,
        1
      ]
    ],
    "GlobalRounds": 3,
    "AggregateScore": 92.37327210814433
  },
  "Sequence": {
    "Sequence": [
      [
        19,
        1
      ],
      [
        40,
        1
      ],
      [
        18,
        1
      ],
      [
        30,
        1
      ]
    ],
    "GlobalRounds": 5,
    "AggregateScore": 82.86101173599708
  },
  "Sequence.Fast": {
    "Sequence": [
      [
        24,
        1
      ],
      [
        31,
        1
      ],
      [
        20,
        1
      ]
    ],
    "GlobalRounds": 5,
    "AggregateScore": 92.3725752214417
  }
}